<?xml version="1.0" encoding="utf-8"?>
<!--/250722/1500257/2.50/2/4/Battery/-->
<quadcept_library>
  <setting unit="mil" />
  <textstyle name="Default" height="47.244094488189" strokewidth="7.8740157480315" charwidth="47.244094488189" />
  <textstyle name="Dimension" height="19.6850393700787" strokewidth="0" charwidth="19.6850393700787" />
  <textstyle name="H127W0635TH00762" height="50" strokewidth="3" charwidth="25" />
  <textstyle name="H15W15TH02" height="59.0551181102362" strokewidth="7.8740157480315" charwidth="59.0551181102362" />
  <padstyle name="r396_317" surface="True" plated="False" isvia="False" nopaste="False" nomask="True" complex="False" holesize="0">
    <padshape layer="TOP" shape="rectangle" width="124.8031496063" height="155.90551181102" />
    <padshape layer="TOP_SOLDER_MASK" shape="rectangle" width="132.67716535433" height="163.77952755905" />
    <padshape layer="TOP_SOLDER_PASTE" shape="rectangle" width="124.8031496063" height="155.90551181102" />
  </padstyle>
  <footprint name="1062" originx="0" originy="0" pickpointx="0" pickpointy="0">
    <pcbpin number="1" name="1" style="r396_317" originx="0" originy="-428.34645669291" rotation="0" />
    <pcbpin number="2" name="2" style="r396_317" originx="0" originy="428.34645669291" rotation="0" />
    <line layer="TOP_ASSEMBLY" originx="-447.63779527559" originy="460.03937007873" endx="447.63779527559" endy="460.03937007873" width="3.9370078740157" />
    <line layer="TOP_ASSEMBLY" originx="447.63779527559" originy="460.03937007873" endx="447.63779527559" endy="-460.03937007873" width="3.9370078740157" />
    <line layer="TOP_ASSEMBLY" originx="447.63779527559" originy="-460.03937007873" endx="-447.63779527559" endy="-460.03937007873" width="3.9370078740157" />
    <line layer="TOP_ASSEMBLY" originx="-447.63779527559" originy="-460.03937007873" endx="-447.63779527559" endy="460.03937007873" width="3.9370078740157" />
    <line layer="TOP_PLACE_BOUND" originx="-487.00787401574" originy="545.66929133858" endx="487.00787401574" endy="545.66929133858" width="3.9370078740157" />
    <line layer="TOP_PLACE_BOUND" originx="487.00787401574" originy="545.66929133858" endx="487.00787401574" endy="-545.66929133858" width="3.9370078740157" />
    <line layer="TOP_PLACE_BOUND" originx="487.00787401574" originy="-545.66929133858" endx="-487.00787401574" endy="-545.66929133858" width="3.9370078740157" />
    <line layer="TOP_PLACE_BOUND" originx="-487.00787401574" originy="-545.66929133858" endx="-487.00787401574" endy="545.66929133858" width="3.9370078740157" />
    <line layer="TOP_SILKSCREEN" originx="-99.999999999999" originy="460.03937007873" endx="-447.63779527559" endy="460.03937007873" width="7.8740157480314" />
    <line layer="TOP_SILKSCREEN" originx="-447.63779527559" originy="460.03937007873" endx="-447.63779527559" endy="-460.03937007873" width="7.8740157480314" />
    <line layer="TOP_SILKSCREEN" originx="-447.63779527559" originy="-460.03937007873" endx="-99.999999999999" endy="-460.03937007873" width="7.8740157480314" />
    <line layer="TOP_SILKSCREEN" originx="99.999999999999" originy="-460.03937007873" endx="447.63779527559" endy="-460.03937007873" width="7.8740157480314" />
    <line layer="TOP_SILKSCREEN" originx="447.63779527559" originy="-460.03937007873" endx="447.63779527559" endy="460.03937007873" width="7.8740157480314" />
    <line layer="TOP_SILKSCREEN" originx="447.63779527559" originy="460.03937007873" endx="99.999999999999" endy="460.03937007873" width="7.8740157480314" />
    <line layer="TOP_SILKSCREEN" originx="0" originy="-527.5590551181" endx="0" endy="-527.5590551181" width="3.9370078740157" />
    <arc layer="TOP_SILKSCREEN" originx="-7.102804783527E-15" originy="-525.5905511811" startangle="-90.0" sweepangle="180.0" radius="1.9685039370078" width="3.9370078740157" />
    <line layer="TOP_SILKSCREEN" originx="0" originy="-523.62204724409" endx="0" endy="-523.62204724409" width="3.9370078740157" />
    <arc layer="TOP_SILKSCREEN" originx="-7.102804783527E-15" originy="-525.5905511811" startangle="90.0" sweepangle="180.0" radius="1.9685039370078" width="3.9370078740157" />
  </footprint>
  <symbol name="1062" originx="0" originy="0">
    <line originx="200" originy="100" endx="600" endy="100" width="0" />
    <line originx="600" originy="-200" endx="600" endy="100" width="0" />
    <line originx="600" originy="-200" endx="200" endy="-200" width="0" />
    <line originx="200" originy="100" endx="200" endy="-200" width="0" />
    <sympin number="1" originx="200" originy="-100" rotation="180" length="100" width="7.8740157480315" flipped="False">
      <text name="pinname" originx="230" originy="-100" style="Default" rotation="0" justify="left" flipped="False" hidden="False" data="+" />
      <text name="pindes" originx="140" originy="-80" style="Default" rotation="0" justify="lowerright" flipped="False" hidden="False" data="1" />
    </sympin>
    <sympin number="2" originx="200" originy="0" rotation="180" length="100" width="7.8740157480315" flipped="False">
      <text name="pinname" originx="230" originy="0" style="Default" rotation="0" justify="left" flipped="False" hidden="False" data="-" />
      <text name="pindes" originx="140" originy="20" style="Default" rotation="0" justify="lowerright" flipped="False" hidden="False" data="2" />
    </sympin>
  </symbol>
  <component name="1062" designatorprefix="BT" height="416.14173228346" footprint="1062">
    <comppin designator="1" sympin="1" pinswap="0" gateswap="0" gate="1" group="1" side="" type="Any" name="+" />
    <comppin designator="2" sympin="2" pinswap="0" gateswap="0" gate="1" group="1" side="" type="Any" name="-" />
    <attached_symbol gate="1" name="1062" />
    <pinmap designator="1" footprintpin="1" />
    <pinmap designator="2" footprintpin="2" />
    <text name="Datasheet" originx="0" originy="0" style="Default" rotation="0" justify="" flipped="False" hidden="True" data="https://www.keyelco.com/product-pdf.cfm?p=728" />
    <text name="Description" originx="0" originy="0" style="Default" rotation="0" justify="" flipped="False" hidden="True" data="KEYSTONE - 1062 - BATTERY HOLDER, 2 CELL, 20MM" />
    <text name="Manufacturer_Name" originx="0" originy="0" style="Default" rotation="0" justify="" flipped="False" hidden="True" data="Keystone Electronics" />
    <text name="Manufacturer_Part_Number" originx="650" originy="200" style="Default" rotation="0" justify="left" flipped="False" hidden="False" data="1062" />
    <text name="Mouser Part Number" originx="0" originy="0" style="Default" rotation="0" justify="" flipped="False" hidden="True" data="534-1062" />
    <text name="Mouser Price/Stock" originx="0" originy="0" style="Default" rotation="0" justify="" flipped="False" hidden="True" data="https://www.mouser.co.uk/ProductDetail/Keystone-Electronics/1062?qs=TMDrOSIpnUdOWsMNtyKpVg%3D%3D" />
    <text name="Arrow Part Number" originx="0" originy="0" style="Default" rotation="0" justify="" flipped="False" hidden="True" data="" />
    <text name="Arrow Price/Stock" originx="0" originy="0" style="Default" rotation="0" justify="" flipped="False" hidden="True" data="" />
  </component>
</quadcept_library>
