<?xml version="1.0" encoding="utf-8"?>
<!--/18867257/1500257/2.50/6/3/Connector/-->
<quadcept_library>
  <setting unit="mil" />
  <textstyle name="Default" height="47.244094488189" strokewidth="7.8740157480315" charwidth="47.244094488189" />
  <textstyle name="Dimension" height="19.6850393700787" strokewidth="0" charwidth="19.6850393700787" />
  <textstyle name="H127W0635TH00762" height="50" strokewidth="3" charwidth="25" />
  <textstyle name="H15W15TH02" height="59.0551181102362" strokewidth="7.8740157480315" charwidth="59.0551181102362" />
  <padstyle name="c130_h80" surface="False" plated="True" isvia="False" nopaste="True" nomask="True" complex="False" holesize="31.496062992126">
    <padshape layer="TOP" shape="round" width="51.181102362204" height="51.181102362204" />
    <padshape layer="TOP_SOLDER_MASK" shape="round" width="59.055118110235" height="59.055118110235" />
    <padshape layer="INNER" shape="round" width="51.181102362204" height="51.181102362204" />
    <padshape layer="BOTTOM" shape="round" width="51.181102362204" height="51.181102362204" />
    <padshape layer="BOTTOM_SOLDER_MASK" shape="round" width="59.055118110235" height="59.055118110235" />
  </padstyle>
  <padstyle name="s130_h80" surface="False" plated="True" isvia="False" nopaste="True" nomask="True" complex="False" holesize="31.496062992126">
    <padshape layer="TOP" shape="square" width="51.181102362204" height="51.181102362204" />
    <padshape layer="TOP_SOLDER_MASK" shape="square" width="59.055118110235" height="59.055118110235" />
    <padshape layer="INNER" shape="square" width="51.181102362204" height="51.181102362204" />
    <padshape layer="BOTTOM" shape="square" width="51.181102362204" height="51.181102362204" />
    <padshape layer="BOTTOM_SOLDER_MASK" shape="square" width="59.055118110235" height="59.055118110235" />
  </padstyle>
  <padstyle name="c249_h166" surface="False" plated="True" isvia="False" nopaste="True" nomask="True" complex="False" holesize="65.354330708661">
    <padshape layer="TOP" shape="round" width="98.031496062991" height="98.031496062991" />
    <padshape layer="TOP_SOLDER_MASK" shape="round" width="105.90551181102" height="105.90551181102" />
    <padshape layer="INNER" shape="round" width="98.031496062991" height="98.031496062991" />
    <padshape layer="BOTTOM" shape="round" width="98.031496062991" height="98.031496062991" />
    <padshape layer="BOTTOM_SOLDER_MASK" shape="round" width="105.90551181102" height="105.90551181102" />
  </padstyle>
  <footprint name="SLW12745474ARAD" originx="0" originy="0" pickpointx="0" pickpointy="0">
    <pcbpin number="1" name="1" style="s130_h80" originx="0" originy="0" rotation="90" />
    <pcbpin number="2" name="2" style="c130_h80" originx="157.48031496063" originy="0" rotation="90" />
    <pcbpin number="3" name="3" style="c130_h80" originx="236.22047244094" originy="0" rotation="90" />
    <pcbpin number="4" name="4" style="c130_h80" originx="314.96062992126" originy="0" rotation="90" />
    <pcbpin number="5" name="MH1" style="c249_h166" originx="-84.645669291338" originy="0" rotation="90" />
    <pcbpin number="6" name="MH2" style="c249_h166" originx="399.60629921259" originy="0" rotation="90" />
    <line layer="TOP_ASSEMBLY" originx="-92.519685039369" originy="88.582677165353" endx="407.48031496062" endy="88.582677165353" width="3.9370078740157" />
    <line layer="TOP_ASSEMBLY" originx="407.48031496062" originy="88.582677165353" endx="407.48031496062" endy="-88.582677165353" width="3.9370078740157" />
    <line layer="TOP_ASSEMBLY" originx="407.48031496062" originy="-88.582677165353" endx="-92.519685039369" endy="-88.582677165353" width="3.9370078740157" />
    <line layer="TOP_ASSEMBLY" originx="-92.519685039369" originy="-88.582677165353" endx="-92.519685039369" endy="88.582677165353" width="3.9370078740157" />
    <line layer="TOP_PLACE_BOUND" originx="-173.03149606299" originy="127.95275590551" endx="487.99212598425" endy="127.95275590551" width="3.9370078740157" />
    <line layer="TOP_PLACE_BOUND" originx="487.99212598425" originy="127.95275590551" endx="487.99212598425" endy="-285.43307086614" width="3.9370078740157" />
    <line layer="TOP_PLACE_BOUND" originx="487.99212598425" originy="-285.43307086614" endx="-173.03149606299" endy="-285.43307086614" width="3.9370078740157" />
    <line layer="TOP_PLACE_BOUND" originx="-173.03149606299" originy="-285.43307086614" endx="-173.03149606299" endy="127.95275590551" width="3.9370078740157" />
    <line layer="TOP_ASSEMBLY" originx="39.370078740157" originy="-88.582677165353" endx="39.370078740157" endy="-246.06299212598" width="3.9370078740157" />
    <line layer="TOP_ASSEMBLY" originx="39.370078740157" originy="-246.06299212598" endx="62.992125984251" endy="-246.06299212598" width="3.9370078740157" />
    <line layer="TOP_ASSEMBLY" originx="62.992125984251" originy="-246.06299212598" endx="78.740157480314" endy="-234.25196850393" width="3.9370078740157" />
    <line layer="TOP_ASSEMBLY" originx="78.740157480314" originy="-234.25196850393" endx="94.488188976377" endy="-246.06299212598" width="3.9370078740157" />
    <line layer="TOP_ASSEMBLY" originx="94.488188976377" originy="-246.06299212598" endx="118.11023622047" endy="-246.06299212598" width="3.9370078740157" />
    <line layer="TOP_ASSEMBLY" originx="118.11023622047" originy="-246.06299212598" endx="118.11023622047" endy="-88.582677165353" width="3.9370078740157" />
    <line layer="TOP_SILKSCREEN" originx="-92.519685039369" originy="-64.960629921259" endx="-92.519685039369" endy="-88.582677165353" width="7.8740157480314" />
    <line layer="TOP_SILKSCREEN" originx="-92.519685039369" originy="-88.582677165353" endx="407.48031496062" endy="-88.582677165353" width="7.8740157480314" />
    <line layer="TOP_SILKSCREEN" originx="407.48031496062" originy="-88.582677165353" endx="407.48031496062" endy="-64.960629921259" width="7.8740157480314" />
    <line layer="TOP_SILKSCREEN" originx="407.48031496062" originy="68.897637795275" endx="407.48031496062" endy="88.582677165353" width="7.8740157480314" />
    <line layer="TOP_SILKSCREEN" originx="407.48031496062" originy="88.582677165353" endx="-92.519685039369" endy="88.582677165353" width="7.8740157480314" />
    <line layer="TOP_SILKSCREEN" originx="-92.519685039369" originy="88.582677165353" endx="-92.519685039369" endy="68.897637795275" width="7.8740157480314" />
    <line layer="TOP_SILKSCREEN" originx="39.370078740157" originy="-88.582677165353" endx="39.370078740157" endy="-246.06299212598" width="7.8740157480314" />
    <line layer="TOP_SILKSCREEN" originx="39.370078740157" originy="-246.06299212598" endx="62.992125984251" endy="-246.06299212598" width="7.8740157480314" />
    <line layer="TOP_SILKSCREEN" originx="62.992125984251" originy="-246.06299212598" endx="78.740157480314" endy="-234.25196850393" width="7.8740157480314" />
    <line layer="TOP_SILKSCREEN" originx="78.740157480314" originy="-234.25196850393" endx="94.488188976377" endy="-246.06299212598" width="7.8740157480314" />
    <line layer="TOP_SILKSCREEN" originx="94.488188976377" originy="-246.06299212598" endx="118.11023622047" endy="-246.06299212598" width="7.8740157480314" />
    <line layer="TOP_SILKSCREEN" originx="118.11023622047" originy="-246.06299212598" endx="118.11023622047" endy="-88.582677165353" width="7.8740157480314" />
    <line layer="TOP_SILKSCREEN" originx="0" originy="110.23622047244" endx="0" endy="110.23622047244" width="3.9370078740157" />
    <arc layer="TOP_SILKSCREEN" originx="-7.102804783527E-15" originy="108.26771653543" startangle="90.0" sweepangle="180.0" radius="1.9685039370078" width="3.9370078740157" />
    <line layer="TOP_SILKSCREEN" originx="0" originy="106.29921259842" endx="0" endy="106.29921259842" width="3.9370078740157" />
    <arc layer="TOP_SILKSCREEN" originx="-7.102804783527E-15" originy="108.26771653543" startangle="-90.0" sweepangle="180.0" radius="1.9685039370078" width="3.9370078740157" />
  </footprint>
  <symbol name="SLW-1274547-4A-RA-D" originx="0" originy="0">
    <line originx="200" originy="100" endx="700" endy="100" width="0" />
    <line originx="700" originy="-600" endx="700" endy="100" width="0" />
    <line originx="700" originy="-600" endx="200" endy="-600" width="0" />
    <line originx="200" originy="100" endx="200" endy="-600" width="0" />
    <sympin number="1" originx="200" originy="-100" rotation="180" length="100" width="7.8740157480315" flipped="False">
      <text name="pinname" originx="230" originy="-100" style="Default" rotation="0" justify="left" flipped="False" hidden="False" data="1" />
      <text name="pindes" originx="140" originy="-80" style="Default" rotation="0" justify="lowerright" flipped="False" hidden="False" data="1" />
    </sympin>
    <sympin number="2" originx="200" originy="-200" rotation="180" length="100" width="7.8740157480315" flipped="False">
      <text name="pinname" originx="230" originy="-200" style="Default" rotation="0" justify="left" flipped="False" hidden="False" data="2" />
      <text name="pindes" originx="140" originy="-180" style="Default" rotation="0" justify="lowerright" flipped="False" hidden="False" data="2" />
    </sympin>
    <sympin number="3" originx="200" originy="-300" rotation="180" length="100" width="7.8740157480315" flipped="False">
      <text name="pinname" originx="230" originy="-300" style="Default" rotation="0" justify="left" flipped="False" hidden="False" data="3" />
      <text name="pindes" originx="140" originy="-280" style="Default" rotation="0" justify="lowerright" flipped="False" hidden="False" data="3" />
    </sympin>
    <sympin number="4" originx="200" originy="-400" rotation="180" length="100" width="7.8740157480315" flipped="False">
      <text name="pinname" originx="230" originy="-400" style="Default" rotation="0" justify="left" flipped="False" hidden="False" data="4" />
      <text name="pindes" originx="140" originy="-380" style="Default" rotation="0" justify="lowerright" flipped="False" hidden="False" data="4" />
    </sympin>
    <sympin number="5" originx="200" originy="0" rotation="180" length="100" width="7.8740157480315" flipped="False">
      <text name="pinname" originx="230" originy="0" style="Default" rotation="0" justify="left" flipped="False" hidden="False" data="MH1" />
      <text name="pindes" originx="140" originy="20" style="Default" rotation="0" justify="lowerright" flipped="False" hidden="False" data="MH1" />
    </sympin>
    <sympin number="6" originx="200" originy="-500" rotation="180" length="100" width="7.8740157480315" flipped="False">
      <text name="pinname" originx="230" originy="-500" style="Default" rotation="0" justify="left" flipped="False" hidden="False" data="MH2" />
      <text name="pindes" originx="140" originy="-480" style="Default" rotation="0" justify="lowerright" flipped="False" hidden="False" data="MH2" />
    </sympin>
  </symbol>
  <component name="SLW-1274547-4A-RA-D" designatorprefix="J" height="192.91338582677" footprint="SLW12745474ARAD">
    <comppin designator="1" sympin="1" pinswap="0" gateswap="0" gate="1" group="1" side="" type="Any" name="1" />
    <comppin designator="2" sympin="2" pinswap="0" gateswap="0" gate="1" group="1" side="" type="Any" name="2" />
    <comppin designator="3" sympin="3" pinswap="0" gateswap="0" gate="1" group="1" side="" type="Any" name="3" />
    <comppin designator="4" sympin="4" pinswap="0" gateswap="0" gate="1" group="1" side="" type="Any" name="4" />
    <comppin designator="MH1" sympin="5" pinswap="0" gateswap="0" gate="1" group="1" side="" type="Any" name="MH1" />
    <comppin designator="MH2" sympin="6" pinswap="0" gateswap="0" gate="1" group="1" side="" type="Any" name="MH2" />
    <attached_symbol gate="1" name="SLW-1274547-4A-RA-D" />
    <pinmap designator="1" footprintpin="1" />
    <pinmap designator="2" footprintpin="2" />
    <pinmap designator="3" footprintpin="3" />
    <pinmap designator="4" footprintpin="4" />
    <pinmap designator="MH1" footprintpin="5" />
    <pinmap designator="MH2" footprintpin="6" />
    <text name="Datasheet" originx="0" originy="0" style="Default" rotation="0" justify="" flipped="False" hidden="True" data="https://www.cuidevices.com/product/resource/slw-1274547-4a-ra-d.pdf" />
    <text name="Description" originx="0" originy="0" style="Default" rotation="0" justify="" flipped="False" hidden="True" data="Slide Switches 12.7 x 4.5 x 4.7 mm, 4 mm Raised Slide Actuator, Right-Angle, Through Hole" />
    <text name="Manufacturer_Name" originx="0" originy="0" style="Default" rotation="0" justify="" flipped="False" hidden="True" data="Same Sky" />
    <text name="Manufacturer_Part_Number" originx="750" originy="200" style="Default" rotation="0" justify="left" flipped="False" hidden="False" data="SLW-1274547-4A-RA-D" />
    <text name="Mouser Part Number" originx="0" originy="0" style="Default" rotation="0" justify="" flipped="False" hidden="True" data="179-SLW12745474ARAD" />
    <text name="Mouser Price/Stock" originx="0" originy="0" style="Default" rotation="0" justify="" flipped="False" hidden="True" data="https://www.mouser.co.uk/ProductDetail/CUI-Devices/SLW-1274547-4A-RA-D?qs=1Kr7Jg1SGW9gMIB9Ur3YQA%3D%3D" />
    <text name="Arrow Part Number" originx="0" originy="0" style="Default" rotation="0" justify="" flipped="False" hidden="True" data="SLW-1274547-4A-RA-D" />
    <text name="Arrow Price/Stock" originx="0" originy="0" style="Default" rotation="0" justify="" flipped="False" hidden="True" data="https://www.arrow.com/en/products/slw-1274547-4a-ra-d/cui-devices?region=nac" />
  </component>
</quadcept_library>
