<?xml version="1.0" encoding="utf-8"?>
<!--/831229/1500257/2.50/3/4/Transistor BJT NPN/-->
<quadcept_library>
  <setting unit="mil" />
  <textstyle name="Default" height="47.244094488189" strokewidth="7.8740157480315" charwidth="47.244094488189" />
  <textstyle name="Dimension" height="19.6850393700787" strokewidth="0" charwidth="19.6850393700787" />
  <textstyle name="H127W0635TH00762" height="50" strokewidth="3" charwidth="25" />
  <textstyle name="H15W15TH02" height="59.0551181102362" strokewidth="7.8740157480315" charwidth="59.0551181102362" />
  <padstyle name="c150_h96" surface="False" plated="True" isvia="False" nopaste="True" nomask="True" complex="False" holesize="37.795275590551">
    <padshape layer="TOP" shape="round" width="59.055118110235" height="59.055118110235" />
    <padshape layer="TOP_SOLDER_MASK" shape="round" width="66.929133858267" height="66.929133858267" />
    <padshape layer="INNER" shape="round" width="59.055118110235" height="59.055118110235" />
    <padshape layer="BOTTOM" shape="round" width="59.055118110235" height="59.055118110235" />
    <padshape layer="BOTTOM_SOLDER_MASK" shape="round" width="66.929133858267" height="66.929133858267" />
  </padstyle>
  <footprint name="TO-92-3" originx="0" originy="0" pickpointx="0" pickpointy="0">
    <pcbpin number="1" name="1" style="c150_h96" originx="-102.36220472441" originy="0" rotation="90" />
    <pcbpin number="2" name="2" style="c150_h96" originx="0" originy="0" rotation="90" />
    <pcbpin number="3" name="3" style="c150_h96" originx="102.36220472441" originy="0" rotation="90" />
    <arc layer="TOP_ASSEMBLY" originx="0.00019685039371082" originy="-14.604133858268" startangle="210.8" sweepangle="-241.6" radius="109.09232283464" width="7.8740157480314" />
    <line layer="TOP_ASSEMBLY" originx="-93.700787401574" originy="-70.472440944881" endx="93.700787401574" endy="-70.472440944881" width="7.8740157480314" />
    <line layer="TOP_SILKSCREEN" originx="-93.700787401574" originy="-70.472440944881" endx="93.700787401574" endy="-70.472440944881" width="7.8740157480314" />
    <arc layer="TOP_SILKSCREEN" originx="0.00019685039371082" originy="-14.604133858268" startangle="150.3" sweepangle="-120.7" radius="109.09232283464" width="7.8740157480314" />
    <arc layer="TOP_SILKSCREEN" originx="-150.11811023622" originy="2.007874015748" startangle="180" sweepangle="180" radius="1.6141732283464" width="7.8740157480314" />
    <arc layer="TOP_SILKSCREEN" originx="-150.11811023622" originy="2.007874015748" startangle="180" sweepangle="-180" radius="1.6141732283464" width="7.8740157480314" />
  </footprint>
  <symbol name="BC548CTA" originx="0" originy="0">
    <line originx="300" originy="100" endx="300" endy="-100" width="0" />
    <line originx="300" originy="50" endx="400" endy="150" width="0" />
    <line originx="300" originy="-50" endx="400" endy="-150" width="0" />
    <line originx="400" originy="-150" endx="400" endy="-200" width="0" />
    <line originx="400" originy="150" endx="400" endy="200" width="0" />
    <line originx="100" originy="0" endx="300" endy="0" width="0" />
    <arc originx="350" originy="0" startangle="180" sweepangle="180" radius="158.114" width="0" />
    <arc originx="350" originy="0" startangle="180" sweepangle="-180" radius="158.114" width="0" />
    <sympin number="2" originx="100" originy="0" rotation="180" length="100" width="7.8740157480315" flipped="False">
      <text name="pinname" originx="0" originy="-20" style="Default" rotation="0" justify="upperleft" flipped="False" hidden="True" data="B" />
      <text name="pindes" originx="0" originy="20" style="Default" rotation="0" justify="lowerleft" flipped="False" hidden="False" data="2" />
    </sympin>
    <sympin number="3" originx="400" originy="-200" rotation="270" length="100" width="7.8740157480315" flipped="False">
      <text name="pinname" originx="420" originy="-300" style="Default" rotation="90" justify="lowerleft" flipped="False" hidden="True" data="E" />
      <text name="pindes" originx="380" originy="-300" style="Default" rotation="90" justify="lowerright" flipped="False" hidden="False" data="3" />
    </sympin>
    <sympin number="1" originx="400" originy="200" rotation="90" length="100" width="7.8740157480315" flipped="False">
      <text name="pinname" originx="420" originy="300" style="Default" rotation="90" justify="upperleft" flipped="False" hidden="True" data="C" />
      <text name="pindes" originx="380" originy="300" style="Default" rotation="90" justify="upperright" flipped="False" hidden="False" data="1" />
    </sympin>
    <polygon type="polygon">
      <point x="330" y="-100" />
      <point x="350" y="-80" />
      <point x="370" y="-120" />
    </polygon>
  </symbol>
  <component name="BC548CTA" designatorprefix="Q" height="0" footprint="TO-92-3">
    <comppin designator="1" sympin="1" pinswap="0" gateswap="0" gate="1" group="1" side="" type="Any" name="C" />
    <comppin designator="2" sympin="2" pinswap="0" gateswap="0" gate="1" group="1" side="" type="Any" name="B" />
    <comppin designator="3" sympin="3" pinswap="0" gateswap="0" gate="1" group="1" side="" type="Any" name="E" />
    <attached_symbol gate="1" name="BC548CTA" />
    <pinmap designator="1" footprintpin="1" />
    <pinmap designator="2" footprintpin="2" />
    <pinmap designator="3" footprintpin="3" />
    <text name="Datasheet" originx="0" originy="0" style="Default" rotation="0" justify="" flipped="False" hidden="True" data="http://www.onsemi.com/pub/Collateral/BC550-D.pdf" />
    <text name="Description" originx="0" originy="0" style="Default" rotation="0" justify="" flipped="False" hidden="True" data="Fairchild BC548CTA NPN Transistor, 100 mA, 30 V, 3-Pin TO-92" />
    <text name="Manufacturer_Name" originx="0" originy="0" style="Default" rotation="0" justify="" flipped="False" hidden="True" data="onsemi" />
    <text name="Manufacturer_Part_Number" originx="550" originy="-50" style="Default" rotation="0" justify="left" flipped="False" hidden="False" data="BC548CTA" />
    <text name="Mouser Part Number" originx="0" originy="0" style="Default" rotation="0" justify="" flipped="False" hidden="True" data="512-BC548CTA" />
    <text name="Mouser Price/Stock" originx="0" originy="0" style="Default" rotation="0" justify="" flipped="False" hidden="True" data="https://www.mouser.co.uk/ProductDetail/onsemi-Fairchild/BC548CTA?qs=UMEuL5FsraAbTW%252BQWJgmhg%3D%3D" />
    <text name="Arrow Part Number" originx="0" originy="0" style="Default" rotation="0" justify="" flipped="False" hidden="True" data="BC548CTA" />
    <text name="Arrow Price/Stock" originx="0" originy="0" style="Default" rotation="0" justify="" flipped="False" hidden="True" data="https://www.arrow.com/en/products/bc548cta/on-semiconductor?region=europe" />
  </component>
</quadcept_library>
